avg_speed,var_x,var_y,oscillation_energy,label
13.818463802210294,219.41788478904937,16.03690999710828,3577.7097838474265,1
8.13136339696547,215.00532728157583,17.991409785786278,2255.1643738196985,1
11.377461980642359,167.7317396466478,9.566421625657357,2754.6322302959293,1
12.659243610604266,208.64778062942545,18.57852550981299,3845.9934798383283,1
12.542770124249374,240.90463251311976,8.88859232931009,4211.2297262050115,1
9.171905520063834,271.09521241717874,6.897557970624906,3168.3585091720197,1
8.113698327431381,208.32221879801838,3.5053968193625984,2934.8182483369833,1
10.254353300122565,295.403625944649,13.40804613573587,4500.530712179881,1
12.738456353069733,231.36854941457287,5.74662304286687,3068.9352366266,1
6.299113105139387,168.5489782547551,9.168973824733769,2872.2097244886527,1
10.864722634625018,292.6566615295616,12.232005411459019,3212.72362608248,1
5.765358357882842,134.3889839773803,9.01944114976965,3377.0015747054813,1
11.671905508597494,255.07614559517273,12.316378490556637,4017.4246056531756,1
9.270602266515118,246.67702800648527,13.630351371802883,4205.557168019828,1
14.301286825571264,211.46312840412384,1.3958023842712097,3948.1338611944816,1
13.273884546810162,172.7243559575229,16.554959952138105,3959.2752311480663,1
9.52788074184717,296.06336964939135,1.1893170148031817,2619.749887503708,1
10.065327924345075,295.3517648237694,1.6391713187706891,4592.871842107517,1
14.444658740185641,137.633887211778,0.11696370212139318,2668.70152012785,1
12.232960317069347,192.50088355253268,8.48106535186494,4502.897254272622,1
13.830036358307371,179.30930886978547,7.651382398492541,2980.707378184755,1
11.225037935592663,131.2060470590972,10.507411327454042,3383.4434370370373,1
9.706235260916676,284.041999516037,1.7077833331420567,4908.2765007661565,1
6.558870636979975,204.95440985976325,14.237443008057426,4535.727897569127,1
10.49595829090233,287.7169256536632,4.564857654466373,4769.544754993593,1
6.8131820893335115,212.23695794805883,0.15801382751398085,2250.1175499309884,1
12.766894006392429,103.22154905016896,16.805113554454213,4957.586905457717,1
5.627400227029097,279.1053971905506,17.933958994023996,2147.8541522820137,1
12.16357503938196,194.12323035378026,15.527717070990345,3885.698210698754,1
7.328624575972389,197.5807369882857,1.8412838718801838,3802.964272480097,1
11.509504157888774,116.19098224860518,15.007429530754361,2527.847121024339,1
11.859460348398844,135.87537528131907,8.711194197140495,3556.401216406806,1
13.79703905563939,106.45548382133043,6.011418388171044,2173.5569741221098,1
5.364257393942616,202.60432157038048,8.069065488469366,4787.437103986296,1
5.095295774973007,244.3066546023287,4.015412276278427,2987.049862797649,1
8.54315072041053,167.77879407111215,4.22440389970737,3126.0827087711355,1
13.751981107108705,225.94643997885566,0.9056975229080066,2731.255281594568,1
6.293311158664572,183.86951141904183,0.971162371280514,2807.3158892415,1
5.294712002247255,254.05745577508364,12.990226885032104,2999.8778890479343,1
9.84612831933876,180.5438588249541,5.973504125915521,4499.09176601786,1
9.831154669131227,115.51082573336001,6.182068782454233,3551.008829308218,1
12.308467032455912,283.1325722187229,11.886490121483472,2232.940702281904,1
14.339122582350225,126.1695830241065,16.824646394746928,4230.041379067354,1
6.513329296826454,229.61655998305554,1.3098622223385292,4497.114004651835,1
12.782749814058388,184.14772916658524,1.1456572307880797,3399.0884387164006,1
10.887852379837678,187.4014163023594,1.4136095083185807,3513.9554887945474,1
10.036580557315336,211.5201790480918,7.095035309012228,4064.5067762903154,1
9.759622886985033,157.14238627104402,12.487830746054687,3253.4516072938773,1
8.759884373041688,176.12633942040492,7.54318868875596,3902.9052544140513,1
7.538116578207243,211.76796407475547,1.1301734715189515,4626.7325211602965,1
6.728604392021689,156.99496415212758,9.769253407131814,3384.322590987059,1
13.133648651497008,196.0000075908426,11.446496796354053,2889.7501213275023,1
6.22262466597041,224.3680866614667,8.420773523051704,4987.285076366952,1
6.46620114156089,217.09128882560077,2.1936946601200957,2292.99035502254,1
6.179350208288016,147.76646008474864,1.5621905856863627,4745.593593279362,1
9.395093620512853,258.56909883797573,1.9855282369698624,2630.7528252956977,1
5.841794744365872,277.21928585570936,13.747922656471385,4565.6844383145835,1
10.153613894565702,124.89557429736995,1.211994162396881,2696.691807257692,1
7.253341524725229,282.94669866809625,14.818232694105937,4063.017033343205,1
11.77729186579501,283.4676491230224,16.354178326886426,3519.8694964049337,1
5.411662454764874,130.60723044008404,19.549875751350395,4526.871014689421,1
11.637156072496637,143.40199773729879,5.440361096246069,2131.263316134068,1
5.57771019703599,113.0831227661753,17.449045333484566,3811.2079164832594,1
5.248144597907487,219.63160506011297,11.969354650644185,4838.345448052865,1
6.2932611130290255,167.71201527042075,16.623567679122463,2012.6729056900183,1
8.748207044376937,256.76119514794664,3.6655210380596714,3385.7621227394475,1
8.088749018007885,137.72900790850235,17.259200450970468,4977.751863115789,1
5.429093488784269,248.22463655245434,1.8481389934418746,4773.503900616657,1
12.90514209244633,270.14494829720775,0.340116108982107,4639.614891358982,1
14.6365970741587,116.98489142339645,15.891706165626715,4301.312492234456,1
5.302117731037336,201.29140596228058,10.334195476820456,4375.815141382465,1
9.84269033351433,117.23690642853661,7.134532653601628,3015.2723679775904,1
7.3633418194086095,271.695631678537,17.99931246033685,4472.940106045511,1
13.349560257489964,267.6766978523531,15.717181420899193,3392.8639937300973,1
8.230190737483149,139.28210403730043,19.11942486810099,2367.966404681374,1
5.739519787219448,217.2478407865969,4.081990689488551,2901.443088079346,1
10.899220038486355,213.2397821353032,5.791714965589909,3663.6876955873067,1
9.85714227316874,161.96589020313294,15.380314848910427,2197.855829594234,1
9.054040805854473,145.27388205202797,1.464840935844407,3760.4780930439765,1
5.885542608052347,212.24522042282203,10.925279382904696,4049.8351649616425,1
12.696285061396662,292.1812650473379,10.557108716664576,3040.3593927072934,1
11.823105724956811,277.40767335971236,5.066635598379092,3030.827666555634,1
12.150258655980583,114.38670342730101,10.624119254421716,4942.353457747329,1
11.204927888976902,205.96776636227014,1.3765678039778018,3823.916965405743,1
8.271681770685992,245.0255642397933,8.515889255886453,3133.0382793891645,1
9.957681460340364,220.4714569107581,10.897124253885087,2025.407922368131,1
12.324486344940464,209.8390791054478,10.190909011303253,3372.7158796320964,1
6.787059030089572,187.48141361756115,15.56081865678922,4765.138237460154,1
10.364216730945778,298.1897432188762,8.613968093088411,2423.608673143316,1
10.801340544530651,255.50894432186615,15.126224459190281,3194.875026026868,1
12.945436791595498,142.64783399452924,0.28854470418736566,2695.535243399332,1
5.476568321837686,248.65440048238366,8.30766474247066,4182.790090686684,1
14.296331134171156,129.64604777070605,14.422071584341591,2330.6954320366676,1
7.3091098634255,248.17944873115547,10.975376147573924,2485.021429263616,1
9.36958168056417,256.02920118499367,10.736386892213401,3317.6026863344996,1
6.507645116193911,223.36348096368744,6.087398850084947,4995.123196568473,1
14.593744535176775,248.1389078581614,9.125875825690153,2522.227967427099,1
11.5834957657108,197.82766825724678,10.416247040662341,2572.1501980695175,1
14.998449440750893,232.56787815880995,4.000143958918423,4469.8055336896405,1
6.365900734306282,251.58228210354082,4.141240756904581,3316.8403849552633,1
14.436733624109143,241.3012627523832,15.723407436232007,4997.973031083078,1
13.298930719690937,204.27915121039453,14.438911682951437,4072.994996446172,1
12.695709973323375,230.94603752641814,12.698897432959628,2073.6653946520573,1
6.257869363611279,298.3414100094436,16.842955550497546,2497.092366858177,1
11.8861376859428,154.06866116422214,19.21877698442269,2878.4448970595754,1
11.750537635357801,250.56695094027043,1.3644086580978088,4652.723191554871,1
11.793322615993745,258.7239980582319,19.538934929172946,3480.3593834851354,1
11.694613211285983,186.62313034473885,0.9950802267488323,4582.063301829054,1
7.521761368598675,272.7559817011448,17.684475639405985,2245.2890768775646,1
12.227800381432097,270.49404958628867,5.038645056326121,2261.2259441529172,1
5.511928781807953,196.30094273816607,1.2302516455046564,4362.313185931473,1
6.8652646182081405,147.9884063379276,16.209925844182706,3835.2064524105936,1
6.98329659959609,258.59803081161897,6.1222198142052875,3467.651162198651,1
8.794252188384219,251.1162746107287,14.64854825427713,4957.865197477602,1
11.843434834709855,296.9451752448316,8.384155862314184,4876.7321826199,1
11.337282114705811,118.88654260438283,15.358995057747114,2762.3337701280316,1
6.776801110781927,201.14872208215047,17.845047812256375,3751.3348770635293,1
14.74607489843606,177.6104769276749,4.620411693142941,4794.812573239178,1
5.620346230801957,182.4026639140254,13.76144183517818,3210.259646042145,1
8.390446347724207,168.73224502443944,7.246163049909667,3145.4330076706724,1
8.34477037635344,103.35234454331143,4.1213748820032166,4164.719702821508,1
10.016877188745063,249.6715409214213,3.5784318780006785,2866.634796323873,1
12.258586521097392,114.00226797277237,9.817937963219986,4932.282114346977,1
5.213622907543716,259.9434257226653,18.512495027066194,2226.3587800661016,1
12.565466578068262,136.23995485177346,13.16151025590864,2092.383596163976,1
5.320444313730491,284.0977403578043,3.5656725792221144,2309.8839822799314,1
13.319466402581854,167.14427115081287,7.842580660536862,2893.3623549924214,1
12.94065144695432,233.47539292712358,16.73130747789945,4986.0613657551,1
14.689561037356441,117.46347839429347,4.436386415977333,3430.7057927194373,1
7.5681017807867,218.09877634328387,9.268830808880804,2909.301269157074,1
6.166028547226182,136.17804599873796,10.803542006748996,3262.825714367603,1
9.01935355690625,209.06916176893802,1.0461294659861364,4853.957695327367,1
6.139775290785159,174.58884621697263,12.259455497233471,3464.8201067253863,1
13.595232015541109,237.33792126590978,12.723544025562479,3595.0034696032735,1
12.758031409054372,259.4730135168415,12.889442919975494,2790.8528067855905,1
13.552254714938407,184.7098492264451,19.18852728110495,2108.7714590692367,1
14.960325938258975,183.12971846587462,2.897482396048179,2366.6087126743214,1
5.715652805656964,189.1592265019228,5.881719563895458,4104.935907681176,1
8.536200297119677,162.72374226485385,2.6814211413503575,4729.2794439516565,1
6.567780125368149,146.05719828758436,9.247822158490271,3228.842616780781,1
14.585852238719282,243.75796169364355,11.398608371568264,3595.23446684962,1
7.242568163656227,241.10125402038648,6.81094428507161,3887.1395697087337,1
8.75873636617638,256.13496848720536,0.43935684338149983,4625.8065039629055,1
12.83279826144629,246.94610998311634,3.1633076902253765,4375.72926565477,1
7.401084741452355,220.77540784251724,14.018144949184972,2898.4154581822495,1
11.57730483130224,116.25538503508348,19.53873835900582,2117.785619825965,1
13.682204130588907,180.63951298581839,10.689924473501947,3903.390440612745,1
7.384776958788997,143.65298862810545,5.968065093582249,2854.6706549102164,1
8.338877870954693,107.97429155693597,7.668278300666351,2602.3058876398763,1
6.783780500037812,259.15169643908223,12.457849481419089,4542.666945879337,1
6.23139563889008,209.53612120160454,7.242683886741464,3376.903896065858,1
9.782182898466365,246.75169320945446,8.432732659637654,3457.504107081573,1
6.424999487148517,170.87807232519086,18.312276832095733,4788.270551449679,1
8.010932531433166,121.31571641212129,7.601996704238552,2441.0622099216257,1
7.168224452143259,196.94309364221053,10.650261521856946,2325.1959734554794,1
11.612884165774059,232.34385663204299,2.852878648733308,3904.5509740305392,1
14.349606621905139,129.53468739996998,12.856771507040943,2573.854246468296,1
9.408231266541788,178.43020193244422,17.520639910747022,4256.162103214668,1
12.543257752764212,226.22573447565904,19.705159793568846,2608.017142181358,1
13.52569873213677,118.75413732478866,3.047761265875546,4526.359541354594,1
6.648872678073979,216.92712209599512,13.39579505664087,2436.503540163545,1
13.032244007128014,258.45997361943887,14.293990311775497,4365.5245595338265,1
13.91541674426718,239.5656186623292,4.463184800882319,4383.816494025372,1
14.37596135627634,291.19936432463817,16.004939501006945,3827.1252464681565,1
13.655873118230833,182.01942401715485,1.2372211976629854,4432.041958253087,1
9.475560710658504,277.0739113017398,14.340487819218588,4591.78019972921,1
10.982411621081354,118.6432378518326,15.613928192866855,4918.868200255278,1
12.313535624270664,219.56961838846632,10.298801805110871,4320.73233287177,1
12.581360090757759,105.00653642129818,17.681636813226707,3550.7048792163837,1
8.414666325264045,132.232455532933,10.5541220557979,4511.661832952003,1
10.142108575696925,234.96459769875673,7.503288310770526,2148.9332925150466,1
9.504256669113254,227.57147747951473,6.447237338696182,3995.998016260721,1
10.927981747495053,143.2331389978308,15.611328870670265,4323.842565641253,1
11.048749621134782,222.75280175097288,17.131017952055434,3748.5922316161773,1
7.898790796478183,138.65776404326334,14.59321425322435,2272.871895833369,1
7.796289198040557,266.07216413574076,10.530271702743557,2356.2097550978697,1
6.291145553470785,156.92891533571498,14.331618313266146,4393.492797065499,1
14.102733580668849,219.3288549160479,5.713595400395852,4476.602648355127,1
5.91600165772583,277.634380841709,12.713950846983755,3847.8895679270063,1
11.340238799848446,126.99126265660095,6.338088566092179,4594.457357078001,1
5.500316956914056,155.76101308944487,1.3211926269894936,3033.256335444755,1
12.088298048110012,107.66870355925995,15.37291463847195,3577.841800951135,1
14.849100381147872,197.8526106140352,5.932107048493435,2271.975589945462,1
5.3249155311360665,247.9533035262946,7.744581514193976,3435.062061032126,1
11.582521804485236,167.62118427495835,16.083445598122942,4687.24187325127,1
9.734913814737887,115.78249350028005,15.662766605340417,2518.5283806667735,1
6.716598310204864,275.4012663750475,1.7562275051643628,3622.3044224851583,1
10.625275314693614,197.03681821649838,12.607009617058356,3150.759145409751,1
9.306360750351974,150.58049594162065,12.332901633289126,3294.0633768252546,1
13.898075949751034,182.30702902140865,3.460660379617242,2846.9883280030303,1
10.575887075870645,177.64289648437241,10.24429056281666,2619.5896151635325,1
7.222075399503323,136.88270605118151,2.646902378740019,2887.8485463467186,1
7.12455036336134,122.7917498311221,19.599144400179323,3873.70076920637,1
10.031674303438209,100.68186367853802,7.353937510277911,4016.0198872845835,1
14.79090801836734,234.66435556584204,6.461187691358337,3502.0873903222982,1
9.570226020421343,299.3551225344204,9.887614423364399,2330.761502515859,1
12.201958787654892,190.01706125892093,13.241125319213404,4063.861830237419,1
14.59220041569789,137.9384480724235,15.019088939524732,4387.476257213835,1
5.676076868668238,262.89881921700805,17.12100122417784,4538.3715693542135,1
12.75065726838329,152.0423221809873,17.89667664069348,2647.413146860799,1
5.251894928059871,136.7930718366291,13.352661003912251,4854.119136211061,1
13.03444227357414,153.9499596786191,16.519838160857578,2027.4483676101313,1
5.186141087716457,242.42895307773,14.881137910022126,4815.514507586611,1
10.14446672191893,233.37535112417163,2.6454536639318493,3011.016358936812,1
9.80662551246329,150.13077748498924,19.57690811593033,4238.562754298909,1
10.515771828636009,110.63816740131784,11.00808602000961,3198.9108010197597,1
6.1376098129862635,128.08760552430314,10.622123096327288,3793.6248265594786,1
12.795805507244628,125.98342454800533,11.519823462978277,2324.4363428383904,1
6.136220435531749,156.57845289769855,11.675452666504441,4779.893066662215,1
6.5488828027128845,198.74733792603516,17.187631553870172,4759.510141717628,1
10.403718606704333,130.51469653299546,9.873627361155064,4899.850075195498,1
14.247795623208773,199.37729813093802,13.191504987395167,2485.1786496966847,1
14.659916213879008,172.40851335662848,19.290470600436493,2426.752862676464,1
9.17305093695327,291.7657477119029,3.3781801874382045,2111.047331212111,1
8.230704852853417,296.897508559991,4.691156168611479,3390.205380222368,1
10.00008199893928,257.508936461815,5.413972463667703,2343.151282707184,1
6.457223384552167,185.0644871444422,10.298581538738595,2413.0406553162366,1
9.594298374685998,107.31834920224807,14.070265119201865,3580.08909894878,1
7.483080092934447,281.2533829494894,17.372712529376415,3006.3129274200082,1
14.968858685269677,202.04941419090613,14.027860406878428,3686.6966200730785,1
11.287623389394032,250.78177906453703,9.22780419469868,3664.861106250361,1
7.29911723312283,205.27047163479307,15.99215092040211,3641.1012147323627,1
6.661667784636393,111.1927421603492,11.913974239357803,4321.584611909506,1
12.652544497418933,211.91739834390089,14.467221282324827,3235.6802963246882,1
11.287552053845413,197.27369284661674,10.582259634118518,2749.3616441779086,1
6.99435103343745,162.97965394781946,5.485759388179218,2298.174194894282,1
14.338269951121397,236.9396594666513,16.665518816513266,4873.52550848828,1
7.495438774560077,285.7039611565263,11.47780331765389,3822.3211734851766,1
8.184658042500317,194.53305130424454,7.226282265715554,2969.983376241753,1
8.905020999590974,146.29534490974126,19.306486852845552,3101.477370355198,1
7.261837711731355,116.31447201146877,5.666191450183273,3259.190783366842,1
10.29628271340571,189.66220503387999,9.74310159046908,4020.2121123480074,1
8.791837495456026,113.80444775220609,4.865471824795273,2678.419522064215,1
12.70190669498503,179.87252148437972,15.780688318965632,3080.6951425227116,1
13.363136868152278,275.5457489570746,2.723954044750252,4585.455536595635,1
14.982697582960318,283.3303959666322,7.80376485145492,2727.8151168615823,1
11.583359335014066,116.92237011418356,14.341183974553324,3795.245284202116,1
7.435111658619081,230.87364362089073,15.04532989549868,2323.425022265676,1
9.25059629981996,109.85218525647163,16.413207283627724,3744.200963938136,1
8.264614653884292,278.4898167028646,12.034717496107916,4962.780769761755,1
12.159076308890626,271.82303907510567,11.502353447414569,4099.721239161716,1
6.22371697097193,297.80907761616186,0.25424943511099807,4733.771801035149,1
12.021247416113887,196.56680485156744,11.928262196665173,4754.25617675962,1
8.581311584757017,255.43012705354502,0.020725540981358925,2147.644660074576,1
6.2321076535846895,236.78028263198684,0.02061469397231619,4234.71773454777,1
14.53473932829806,101.9843737556632,9.328364379499675,2723.2826230302985,1
14.85925235124489,213.1461995819431,16.596097182649366,2526.763512367611,1
10.79581050612865,158.79729006806318,14.723787516562666,2612.4082183722835,1
14.810410778301215,216.3739704313636,9.31171006498162,3971.83911840815,1
12.370612623611269,191.63085556712136,10.205775959057387,3505.3127690991796,1
12.102877397276664,196.61952017483287,5.6099855992710435,2047.3770787947356,1
10.045190896192867,184.7018310981518,2.674767889598444,4602.80635867994,1
14.653843659360152,213.40759939566988,8.312872503558077,4542.196353933947,1
10.250393236990536,192.69980099441744,3.6120430253416425,4001.094016508686,1
11.352411283725278,211.21118611957195,12.666039603695523,2558.486923408387,1
7.643631716260348,216.93734653214295,3.655783711295013,2373.8097708730465,1
6.181611351480543,203.7012543734467,2.5592862338350053,4767.686784102734,1
7.695430615409665,162.28424975873372,1.9860878310517394,2245.7161241273807,1
11.40887576001735,130.40838037644932,19.844796335989376,3769.1948596435805,1
14.972294719113368,121.25573317365914,7.635158865352745,3250.9113096842575,1
7.971729225680367,257.60551183495954,14.869043610028672,4508.248526128982,1
6.132161660393109,184.43298707277862,2.510512683513235,4193.077623270401,1
12.697249909988033,162.9119132193607,4.516414542633584,4523.902496508606,1
11.025033814559272,237.22048742609934,19.446262924324245,4076.662972275493,1
13.26754003309955,105.0812961150456,11.386066682747204,4315.6079913773,1
6.197654999623924,104.75336492154126,9.420062601933015,3935.094965655562,1
12.419482897937328,264.93275688745575,1.741297500251242,3220.6560616855822,1
12.098468665789992,151.54984354179146,5.603555940897347,3837.4023345299984,1
10.801853891972504,109.53684789025849,12.64680907700027,2401.1072276659975,1
9.48660475000469,284.89991811664987,2.002756167518027,2814.1566035850956,1
10.020046830005324,216.2672610973691,3.381741691210929,2355.2680317887452,1
5.597792172882357,177.6259211728995,18.93745448688514,4358.616818176079,1
8.786531328052476,298.6674822719366,8.303169971084865,3816.811575382827,1
6.3202988354936895,128.81734748415568,6.082304813272996,4975.779331168911,1
6.57374128691115,123.3210323658739,7.884705881506504,4810.521450294795,1
6.607271288372413,174.4662375718204,17.19531255443639,3266.760501494731,1
9.204550575595528,220.82536014744795,13.247524522143014,2212.197553408881,1
5.911380600655187,124.67513970822262,9.42000964991017,3686.398075452188,1
14.543728220491603,194.57522029568003,13.553411587671722,4970.849838273225,1
13.31242054431557,272.89664564891484,1.658970843573322,4442.382717551414,1
7.1586152331086925,119.69674291067452,7.864937234952274,2379.035047054047,1
6.160228372684435,207.88298302923238,11.939640261891318,4788.5047366589315,1
6.530891260770478,102.4560904201082,18.172423412574727,4026.033731378949,1
7.775348806541008,104.25073454194198,0.27621099717092035,3977.2107103236467,1
9.609721594757024,289.11869516154763,17.280543522457048,2947.9544822922453,1
6.313083534542305,246.52749716092103,14.498607024244702,3754.2626603104886,1
13.145271835771899,159.68476843274587,9.27707052025772,4266.2050853206465,1
6.518792205549104,156.76443714774445,4.902833576722367,3912.879953102929,1
11.707096766426188,290.7254046576525,7.647742811461766,4521.921942651181,1
13.371917591122935,161.280993009552,17.034123310417893,3282.8994757350156,1
12.602279609359062,215.9909328735705,17.64091969869955,3657.4093474871597,1
6.3676154191923935,155.37614381478966,3.1678329532108873,2252.183104182922,1
7.7149430105003125,226.72577807868322,6.566372600071868,3005.643082867647,1
8.211249576695534,227.73419333935698,14.77750502683569,3414.548269889031,1
12.826486039685374,220.7881434744263,6.297938039539057,3441.639395996691,1
5.712369586103811,210.50202119142244,14.076680949586624,3711.6428647951234,1
14.902257649934684,233.72420441186117,15.236253986478781,4494.319933129407,1
5.210702879744594,199.32035597993493,15.903278358151166,3678.8207767409367,1
10.631106951450725,126.5042090893469,0.30310891039943,2336.0483744010403,1
11.6314895431079,129.24596282679224,15.221031205327646,4536.788139591983,1
8.27911727420549,144.43396445151265,5.806766235796539,2708.7206943293036,1
7.480155899318733,248.19045564016625,8.041488412114365,4107.187675475785,1
7.615600026023337,193.56089948171584,9.825925591641646,2503.327254532846,1
6.333362364760573,152.640529177867,5.061870794126635,3604.1561811724005,1
14.717264651126174,107.35706314124639,12.634356159393409,3884.0116762643293,1
10.415615257753611,283.1446015989585,9.883209371073466,4215.9132796943995,1
7.972629748716135,103.61888863301283,7.817263630516433,3920.9725383264604,1
5.9326549647306255,252.80430672425766,16.037962397108206,2825.530271086407,1
5.08699348877181,118.89884517459788,18.99079436943355,2312.9197336398556,1
14.808894507693072,162.8130621531132,12.300989785439022,2066.7532220813578,1
6.284150382112813,275.2196123430969,2.6457028774715408,4528.990607840641,1
12.262450403952236,137.9811322250689,12.495890469510789,4719.391350840719,1
9.371580160201844,152.83924752516901,14.140716632549664,4642.3617655744365,1
5.200489649475194,228.59376288461598,11.327179208300526,3721.861502338219,1
6.455033748924403,225.70595766732453,13.590510093065076,3137.4912222494168,1
10.46200060831466,138.41296752720274,0.38669525788775694,3621.4060798020387,1
5.5253577574236825,280.31410507517126,3.214536320083161,4807.624422903598,1
13.227788711372854,250.6517901861881,19.171265034014368,3540.4119985415537,1
6.316250113332322,184.99397276342845,11.870834778534478,4376.5707187391545,1
6.253877474851822,286.16009218321807,16.03816999723837,2816.092212994431,1
12.880499597399318,171.99898279547398,5.143331746958877,3196.434294441361,1
7.00156665897424,241.63407251629621,6.755171982843528,4155.942921715265,1
8.726362185181618,149.11423060229254,18.242873422412217,2809.616580866851,1
13.235140028766077,112.37989132903714,3.0158617569088753,3989.7523138403867,1
8.241758824589025,123.03531203703062,16.558077742675103,4613.076694649297,1
6.302745880058261,224.8923700127982,16.106861622363454,2337.5656413793536,1
10.006186468567329,187.81222628642956,3.6142895402213404,4504.412091299232,1
7.628805242263591,290.69258463710776,1.3821355393773627,4759.8867621696045,1
13.523506508058947,244.39251284503757,3.3399142669746973,2211.185940875682,1
6.652042598578628,101.6119253359365,11.222730293855406,2197.8696149139696,1
9.853938910661938,279.96224490042295,9.807959683183334,4454.515290539007,1
13.272672078626401,162.28850638416128,10.157377052035612,4552.970762423282,1
7.0663200978172425,299.1385415800979,17.610875654134095,2586.422075658738,1
5.151183250345598,286.59172595429004,17.733209980017808,3587.6456767999407,1
11.498444318813227,297.6792022136926,3.272169928661144,4998.31781921468,1
6.334637338801538,109.44765450277777,15.997796048762671,3799.71943590088,1
10.958436486340428,245.4458606568663,3.5741178216922465,4209.656078112421,1
5.210307478490373,173.12838653535147,14.671785559279076,3653.858076455351,1
5.6930092924652955,175.295780654489,11.371231784747538,3715.0330641133046,1
12.388227045403656,179.64256235772575,12.34166501029474,2650.003233242601,1
11.488003328051821,174.08754853019212,15.347195018014308,2879.076609759371,1
10.519643032806451,256.0960510125219,10.02634826904477,2216.936368051748,1
9.93001696423985,104.01843361345877,9.924061130863338,4273.824073491179,1
5.065015148022481,295.8772422250008,19.580611845454875,3539.5012962393957,1
10.726616752695668,108.98698978602694,0.02425368055783972,3206.887699780248,1
6.453286386483167,195.0422790885712,4.7004442398458846,2769.009175538892,1
10.711173862684921,109.08369137055837,8.768040347606302,2828.1643031133935,1
12.183915002825447,230.51783237181667,6.956868020433715,2008.3925876275785,1
10.964481660451648,219.40505528254948,4.392155849712946,2801.9134456442484,1
6.9334778564479755,151.80418838829988,4.675818794238083,4955.799771321204,1
11.869324557044045,122.49620000785914,15.848169610377932,4777.3753203417655,1
10.633606147690223,115.47839088264391,12.071239183327807,4198.434255712426,1
10.834418780839087,264.639481202588,0.8433521172417979,4275.71043382908,1
6.476269012305719,284.56448453665803,1.3358908703265393,4067.552123507813,1
6.04582669541709,206.11592690981198,11.077760087383265,4753.834021024561,1
13.199618947345353,156.23176243956613,8.277884725742009,2851.126032992164,1
9.860656191250047,159.23347227554564,11.078233890296577,3508.2979338665764,1
10.600957116810205,116.3332324673576,19.19133074394134,3249.333985713437,1
12.820795740565876,195.45888088526226,16.002386084634438,3860.4666256546407,1
9.273159138591888,233.39419563433694,1.1900909573134988,3627.847317396923,1
5.283244761495263,169.0728606278044,10.31731192876768,2611.7660235567037,1
13.43819441087225,268.2308134528155,14.313874529503979,2110.295079737423,1
12.060609405725558,104.5516951115383,8.309383327637521,2101.956100467542,1
10.276019708511658,144.6124920483336,5.09785983652379,2426.278537856275,1
10.175068445334567,137.40726739388728,10.681302417831105,2594.93181706768,1
6.574666060318802,261.86151225092664,3.567126709306776,3519.7514815524796,1
13.74141347854888,166.8544988496505,7.588562290862086,2720.235559562392,1
12.171986801006742,248.9240681799434,5.165239761201519,3634.464320093627,1
5.381280802487527,253.28299464312937,12.639057524756838,2509.3939623815286,1
14.864134281610138,259.893675386784,15.132285298763524,2874.045196805314,1
6.880554502403094,261.9805979381987,9.945937753544847,2586.958257842529,1
12.501712826431614,124.30997169370508,0.8040100367499292,3745.5701016887165,1
5.8823185041425585,217.2528621775932,0.3405212503999433,4760.39867321194,1
14.096122434746478,215.754907293256,8.760517558630276,3418.140631528039,1
7.624267611475304,194.87975300891523,4.912682145805826,4856.890821576351,1
9.092630017992008,280.9876649831209,14.779571431933377,3935.6840479591597,1
7.538233077136659,166.32156015928902,15.482614767926075,2452.4559586505925,1
12.767536966862675,268.75720060187984,2.8904282832382044,4777.00629112754,1
13.960814518893661,292.73020201262295,18.129494723504088,2797.6829144219546,1
8.282134562211585,215.73306616590853,10.926988155335204,2458.859414312458,1
6.606765411202732,209.9830304517922,19.948900836247297,4003.9002205844354,1
10.224887437305306,121.03975004827845,8.309946199533886,4905.335871502699,1
13.07657736250291,184.1183071786864,14.745422820698376,2866.0176950627924,1
11.399445249536276,133.14210041275572,15.526185376585646,4455.337364189361,1
8.076005406257583,266.6933103277284,14.912501474318894,2364.97397408695,1
13.442996674047933,105.2206992053214,4.2294064843097186,4674.0567029983295,1
14.555456020372388,126.2296218787719,6.876094556220629,2753.707168086231,1
10.379093525970667,106.18509729511499,16.358485421775278,4389.244400277359,1
6.844052714213639,151.0355217643156,0.20424234911861738,3814.651285995231,1
7.440666227357907,275.1191640015445,17.194276715970588,4020.5169662103326,1
7.228501118330517,290.0621648571114,12.471899507343258,4015.4094036361053,1
12.066494832310843,146.77249322054917,14.54521832754285,3781.005689745555,1
14.754856673690366,279.6007401824363,10.24882063048042,2383.018979738677,1
13.504123091514014,133.3847866231477,16.927835038898674,2944.2281528398753,1
7.997878947777563,187.5795252037708,12.493271743879317,4335.818288748219,1
10.130576863268708,257.68209256698344,12.503383920506971,3577.637401771412,1
7.75173155718438,132.60488542378033,18.589094569548962,4549.365465771849,1
13.426539142327645,245.0642936834784,12.77735168092116,2736.5948195536953,1
8.18656573149475,199.41715102708824,10.483811829561994,2484.4197351736893,1
10.319895244855363,204.44833931481384,11.18757756376872,3150.5308411386554,1
12.141270192896496,236.4648875189729,15.649479917410273,2847.9328379873764,1
6.5507172869874655,130.4265280399284,3.9746171127890118,3503.527060941255,1
8.842138702869335,125.68053212313768,15.906565039071022,4898.695695328603,1
7.1870763576975865,291.4064154589978,19.613566200357727,3380.9413839645094,1
6.753180582553341,122.06849544943894,17.184970956586287,3706.302811570141,1
6.493720872034386,240.73580683560704,0.4115639479154054,4688.18692637449,1
10.706767651433367,212.50430845097546,15.461307185217121,2528.6427300628443,1
5.541858065768804,149.34781042518324,7.5154279818036525,4834.937945194721,1
8.981616950370524,127.84978645463283,3.8990706518302365,4081.2494195926392,1
12.51467427821377,101.18808667324369,12.153408018414257,2196.2422393072216,1
14.653420327141394,166.71128891429265,15.270555228094342,3611.604600116316,1
9.977858384212414,170.96555160235914,2.568935830652388,2627.071226319427,1
12.970977675643676,117.18116726186905,16.902169183108114,2219.5053707384036,1
10.468312929415731,214.13407882271187,17.876123525659764,2018.071868410737,1
10.19939018788256,111.85330105309792,18.679976190874275,3914.5082769643063,1
14.520308057933015,126.83212991665869,15.363076957345228,3953.9902574562993,1
14.755325787006027,274.6244048746707,11.029328648451639,3445.3172313608366,1
5.7959916661633235,174.71735860239752,16.562924549739794,4508.6196373181665,1
9.791883071301122,213.80078850352385,8.468066537890067,4968.5222064343,1
6.677510763755246,170.64086137650287,13.951309787751677,2867.7484749689884,1
14.42599607717336,164.88811900480684,19.027715172103225,3203.4511242348035,1
8.053997753992796,198.4862428609884,18.696276193535265,2731.9151336471728,1
6.808042194991484,240.11405843955757,15.095159160201252,2051.8873157200665,1
10.643642363653356,296.1628617084217,10.807149921312032,2210.8222874810267,1
11.013979294556465,167.88147440914668,1.4839320929201438,2683.374152070832,1
5.822665194701394,198.4884829918531,11.09076478199286,2741.7889588708404,1
6.715903308804258,169.1391130157145,12.030281990114549,2394.379530623591,1
11.887556440276786,172.15378128768884,19.343355183359655,4795.546112905675,1
12.89190101289846,270.00828055912837,4.483506136278215,4864.125662117143,1
12.410102739614711,185.55841873778883,18.17173272629041,3408.4175572183403,1
14.435904275906465,181.23176746596906,9.87135344027968,4753.956523830425,1
5.605199054143713,110.49589721034414,13.333540460797565,4416.728848571916,1
9.798304212528224,236.29509925117574,6.730555594202972,2613.2171605535364,1
6.073953591653191,169.87008535872772,6.775870417087722,4324.793746944157,1
6.164650715123809,269.78104177238055,16.8213436952067,4522.832593011235,1
9.384009368539811,276.74604690298867,13.930864878238003,3336.761002496668,1
9.724748221190811,271.11563191242277,2.7927889790462768,3155.050085866686,1
11.616740580079515,140.04745838075254,5.174489526647967,3238.4486937439856,1
12.271468736172732,220.74884194294515,4.226123850887644,3822.6547415215628,1
8.12210344002793,160.33085343036998,8.029723016556025,2976.1380476254926,1
7.328533859564691,173.46768558334605,0.03207448816539005,2450.828341070287,1
8.224516129882955,217.5851254220874,2.8678820728506538,2108.697415478884,1
5.510950489807353,243.34953153240352,8.562018753314927,2859.5982275778974,1
5.93536480162294,290.6626555756135,15.702485710369453,3533.089530404107,1
11.970324999764607,265.30058250912606,2.6652192626303606,2432.8480583508954,1
11.64601869479431,227.24439259242075,19.525667110160416,4331.197776320119,1
5.250819271636324,117.94421197172585,18.334870806963217,3740.438510150151,1
11.672617280374329,285.520887314055,8.298075445274694,2288.0660389477944,1
11.021459733293273,269.36001610980645,7.090431673712578,4387.155168229765,1
10.377838328027483,133.69246847578108,5.584159423443484,3463.061905008562,1
6.476696149619289,233.6044137100337,12.437764190745561,3692.339552056448,1
12.262597042530182,145.5706226203126,19.485305959096415,4993.795639286905,1
10.681631336532611,198.2952822760198,4.694045851122661,2300.8457311790203,1
14.841119866403298,124.29390405092285,5.883048810211589,4862.288342044718,1
13.862958092460685,259.84746739528185,6.634659894099664,2587.6188614793487,1
8.734173706954245,125.9321746985858,14.726366400821817,2100.9080957647034,1
8.989657286170523,273.414026661654,19.83536335362728,3368.3482999002144,1
12.700516307158484,174.74773784683958,8.895948845392557,2421.769440014145,1
7.061689411726873,168.25315363143704,14.513879511664435,3372.8123093065687,1
7.024063712751616,176.4150358673091,3.653371171429638,2073.4224962317417,1
13.562120228505565,278.4267991431533,3.1075236263237582,4495.8403108312195,1
7.266548147499753,246.2934121288485,12.726217397554704,3769.0546227029718,1
11.21347693044353,204.95997763294577,10.64782987846641,3802.037951130032,1
11.88642224841978,284.4612491620116,5.226899509662653,3258.026289855697,1
6.813466581630347,279.41796803266266,10.441240118343895,2012.4910212008758,1
14.64509938261585,105.201928979796,15.26241248426382,2190.405843084929,1
13.526957071642974,106.78301507564818,14.375972323344634,2092.0121790567528,1
8.741421651448977,148.85181572759615,10.443967103213625,4497.877509597401,1
12.244697803852551,209.11670352612896,14.473996485973126,3373.7967036762557,1
6.379212527818674,221.87314617077791,5.503196489371107,2447.998001409616,1
12.36583085485449,123.78235912093723,13.27217895634526,2434.4709409911147,1
13.214179978884006,236.3146016077033,2.278504211158139,3443.2740092887707,1
5.56595888972928,123.37982054260408,4.171276881733197,2476.0648954428125,1
11.434593772255457,150.49164422876004,0.6409716380598507,3173.2605823186295,1
7.016680689644229,186.21005398038614,8.276212426143614,3445.7555596311104,1
6.92259513615009,160.5822696108211,19.48789540621949,3882.6187741909503,1
14.671446742902079,155.64157976018896,2.814483113183126,3368.9932186982887,1
13.648533474008394,127.44346459692504,0.10973411137781941,2099.673744631847,1
10.95012426689665,191.0417749834316,10.600317121076777,4225.517060951783,1
14.58282245822167,119.6820543174205,6.561453232188736,2808.1139759142598,1
6.387942488201515,245.01644546885447,15.823125700674701,4587.525044882659,1
9.086394979750878,146.41870096702993,0.9564325752054992,3624.3130002588127,1
14.936714261962301,238.74356978812335,17.053734109382557,4417.4927821282145,1
6.340562277151119,137.62303814725195,17.28723460311772,3372.2735067298436,1
13.811738714246914,205.8885017720546,16.727283829657075,3231.674780785762,1
12.991913932970071,258.53367716597495,11.455969404957143,3618.9717111676546,1
7.836472863678101,113.4291826200292,15.704731869561655,4850.9434897090505,1
12.257246890225836,206.52389447105406,0.9794304807923648,2415.478570023802,1
8.980697252399578,190.66535309844022,0.3112620294201407,4853.970052132362,1
10.71242765346469,208.2429117212614,11.479841064707442,4987.500280672526,1
7.028032120100427,290.7670121053952,19.0522649955355,3742.76060995001,1
7.944199861733148,129.5851983968256,19.084881904403858,4255.833350858515,1
7.273999002736193,149.6967567743497,6.772263270502366,3621.181332493806,1
7.763198279450304,113.11136346657324,14.729781242059016,3410.928937682763,1
9.303041655535464,221.21707430872553,3.7059169104114065,4230.251510751212,1
8.006875086061884,192.5704118013987,8.481450356562497,3411.7967884144095,1
7.410614671506547,220.17694067085546,1.6744109220041903,3291.314954772347,1
12.246955947902272,126.58261054875871,9.534591715935026,4415.76845263145,1
8.820731422093164,171.77479956379662,11.813252643600212,3272.8144922968695,1
8.23378145196413,255.45516538401003,8.790443571522985,3332.352145454931,1
6.6769012160588534,1858.8749628947146,1123.0810349790909,282.8747043874122,0
5.405120150107908,981.900465980256,1775.9603540073983,500.3368081667107,0
9.656080616320558,812.9317402836375,1242.682969657062,334.82913007410957,0
6.9512369772755225,1681.4775064989158,1975.590702592067,728.2275067442613,0
9.788970189605035,1211.4338773931527,1369.6205853163397,742.59536078892,0
6.4627487995070165,1906.4531073105327,1324.0745079132334,145.94743036573487,0
0.11135190855249599,4.848210123715761,0.5224868641891572,14.462263487644133,0
7.18570093625661,662.429247224714,876.5244195472173,615.1590996301294,0
4.093709201464842,1233.6987617174634,745.1353847627583,783.9153187082344,0
0.5492186973931321,1.0203888800182588,3.938194750445608,42.71159965712119,0
3.779724654978785,1963.7531478791723,1563.6269824717451,227.30186906161828,0
3.566849681597902,1849.530680936633,1467.973022073529,299.7224007834642,0
0.26023219829973465,2.0351589188511783,0.03368028863763972,71.49533122791013,0
0.8671968920474149,3.3615706033334507,1.3795987671557541,87.88330978417407,0
0.40898940196345246,3.296963785939692,3.1685496638035815,51.6850897942847,0
9.32738795355085,1174.4984102309106,1175.5880426986616,226.6452431107545,0
0.9159544564538215,3.9609883719464127,1.6950997254402194,15.585140080492831,0
5.348251077690318,1912.4352775965986,1082.5380239522838,306.0226823291506,0
3.739496733357176,1363.8590676424965,1385.1660034458703,654.1426560844883,0
4.674040451335635,1795.1562842856526,628.6943088917332,265.830563069993,0
3.7171093263070585,1612.8192473657564,1203.4129405567628,627.8583366502021,0
9.009316983025624,1314.1777413277714,1703.260465658952,162.13826402973518,0
0.2895062004203536,4.517678217042089,4.70181945466906,96.43556971091235,0
6.564954285238319,1245.0429910556913,1755.3506470572975,789.8590206629829,0
0.7846842769297461,1.0801694066321332,3.308954651604232,38.696818989315986,0
0.9180620234780994,4.043098921461422,3.3862425957036724,77.55695610700427,0
0.04752615667628923,4.155168325575432,1.4478453788675378,72.39422950835807,0
4.320617853524575,591.0814509215337,1034.2107473088906,563.7866086762185,0
7.811118722072674,1591.2825406394336,1695.0884735353325,642.904399761371,0
0.9246722937261006,4.763340930396782,2.217031037184256,15.75641444461443,0
0.934835323732368,0.5703800736247688,3.8369564049145377,77.41384479927717,0
0.9099486131303474,3.862014555011377,2.0009144824997693,36.13541893309197,0
9.036597647109023,663.6021871528909,786.0489514635007,295.97335107516597,0
9.101296360007343,617.6002147370392,870.9948910101236,230.52816629602077,0
0.7178593707174353,0.1553242679982858,2.1887887949041778,16.833570248652318,0
0.3302963962046581,0.7068595156562624,2.5212367114541396,2.566121862884019,0
3.534901952939789,1355.883400085604,1697.2086128078984,696.7312487691299,0
7.761316565428591,1889.0148445280659,522.6853453370395,509.63638735294984,0
0.39498194693684374,0.6545479080848565,2.5815626375670284,30.012923726015217,0
0.5906364219433814,4.385257485565756,3.976848840576197,52.58476723575649,0
0.8432599860280919,3.0669380056194755,4.376503651642102,48.34912059129315,0
2.439624860238749,1525.2435151469977,1996.9304918010982,455.300846018633,0
3.523557854315224,1221.476751277703,1787.6138742742878,580.9277666895235,0
9.906310552931918,1201.646140548692,1951.822559533859,143.29108378202451,0
8.455009901067442,1846.7777822825055,1111.1587377227556,235.75804526194335,0
9.619356752105759,693.9143700875516,1070.4042007029745,203.7444357129423,0
0.4904426503781415,3.456207722511361,0.7929860177629544,59.94539013329442,0
0.7380026558056719,1.5383130861939842,4.4043984054104115,67.99010815236436,0
9.168527535746122,1798.3930545889045,1747.7676016521825,619.8224723037036,0
0.5508641863166466,0.476470290478781,0.9996449417678038,51.198999268514186,0
6.503391747280639,976.3463902962417,700.0782799410665,509.01710876630324,0
0.251756226669794,0.2390624285484888,4.814632880726176,68.63503504704788,0
0.6210636910761262,0.043984243412089064,0.19020486750378263,57.001357234853835,0
6.497248999811396,1836.3832904019794,1161.017306152465,183.8405837373836,0
6.885853798891961,1954.6480290935174,1219.1786306056545,524.9447239776714,0
2.757251399274427,1952.2435029034743,982.2917017164448,128.5679033373311,0
4.9062058055770645,921.7018444813964,1913.398841081016,310.11542076185157,0
9.925293772319517,851.9228299983411,1822.5555259624625,100.36321862056118,0
0.27024666827745436,2.0139229810488324,4.97673123970749,31.40188710340365,0
2.6863501281505195,1092.0554827040062,1080.0161166363678,710.4229097350402,0
0.6711919562039634,0.6350688386922393,4.658867163454596,22.185820787719923,0
0.050428263719840105,0.5179887959098967,3.4420256496578383,12.35159132825564,0
0.08866748188476237,3.179519844738432,3.2435309662538185,98.37221510297152,0
3.612068039013467,1351.1047302703976,559.7076936443295,296.53470991354266,0
0.7828760356400281,0.17260355312564868,2.8942941498112473,88.04413765859118,0
0.5167706193143664,1.0260853124417841,1.6791642139317964,7.35860865056277,0
0.9021311774217875,2.5708017011531132,4.103622555984648,10.51976111853483,0
9.294849029043387,1566.481596396189,514.4591186020144,655.9186771549976,0
9.033942495292646,1214.0283091308543,1436.472655956707,510.5329326404825,0
0.7539864971578668,1.6420179255614231,3.529783211021922,11.971893348968965,0
0.13382907645604658,3.377017566772965,2.0084241085915586,60.62521168833669,0
0.504412969222699,2.0371850769208546,1.531667154587436,44.418382627511875,0
0.09945922217115621,4.12846887808696,3.2062076854235704,3.4560482050868924,0
0.6187120345601875,1.6650064788315244,0.6194689042629437,63.900500507008765,0
6.607889299663188,1996.6296686282067,1296.4837359916,688.8422581906248,0
9.295146016183413,553.5352344860023,871.2076424129656,682.4241007496511,0
4.263389377769233,1343.9065920854123,898.8499267816994,272.0513966862758,0
0.3311865455141688,0.4394922326199513,2.566186030322233,91.20102412573522,0
7.54434310526675,1866.1377577904157,1850.708077438223,479.8853311463599,0
0.6823468278007155,0.5795155047703904,2.302984818438812,68.01393671247733,0
4.667209654533233,1504.9280345352531,833.601599268876,585.0477931447203,0
8.484489260665125,1426.0031083294998,1462.9493886098444,183.0062468957675,0
3.3765249486935627,1886.8523460340302,927.1970881236507,601.6272526552174,0
0.20285468339526336,1.1290743612614718,2.374138241554211,78.99769673040075,0
9.467514925011335,1107.0030758783057,1171.7084210102537,158.66674513242242,0
9.572639991598617,602.5399503887382,1400.6238673316914,272.45002114253305,0
0.4632339830056389,0.07055922184637686,4.324424118018846,71.43634264893544,0
4.2894125634430225,1327.4663944135505,1107.0875923090757,514.0810363615979,0
9.706086680967,1608.7461801050406,1790.1071022218205,433.1477962056613,0
7.742847456178704,885.0805326013408,511.4627693789703,391.1286337950164,0
3.099402693504243,1181.2668561675023,1855.152514289147,512.2300587225636,0
4.992224217319705,1375.0255350404698,1942.3201589334647,140.65218273652212,0
8.316932619227575,543.5176610628403,1686.147572839787,384.66115110827974,0
4.0935793486990075,1425.5853805892311,513.6293505531032,599.6472504743083,0
0.8002576973989253,0.6840579319373014,4.432815552774451,70.63026768060283,0
0.6180042051462468,3.3676904727146506,3.77283128687694,77.1476480273885,0
4.344272564250096,1976.4898585022163,1657.3168026790886,262.2071895557913,0
0.7444785615886226,3.8521135860270856,1.5724845507197411,5.83046232820913,0
5.31877233505138,1261.562675735354,636.9386374006025,311.952863530684,0
0.5901846460319683,1.0753490074451229,3.92196065326816,92.37999169738997,0
5.461338756539123,1299.5816016879216,1668.6817108549687,494.0644604504397,0
0.966749257104696,0.7523447379995851,2.958103043705175,32.16464370431411,0
6.603289557232839,1354.6167363346299,863.5418332281863,573.6520357733878,0
8.972379447431152,1083.200946665799,709.2887200887089,316.6356791462406,0
0.2829361572652195,2.901326920524472,3.6418168853668353,28.80160480911543,0
6.419017989731631,1255.9690987208805,1128.4114255122768,262.39284314560075,0
0.5944099630501201,4.707560067607361,1.689356206490118,68.89120801740668,0
5.628421975923152,660.003176055292,1649.9830486403484,421.2172733887693,0
0.43200519613099064,2.3752066834485754,4.7563927942711235,32.05646890295269,0
0.5595285533571339,2.34830278321885,1.5659517671330114,49.35541824792982,0
3.333186182886383,1056.2951387488674,1575.9425449527355,535.0676597352967,0
0.5849790899916446,3.4554108074874517,1.8641678583876387,63.55503720257681,0
0.08971593470180905,4.600373195439776,0.08008096145469268,21.91377463698403,0
9.457092869781071,1582.3252420351635,1007.2170597321407,415.52763785167394,0
6.21820211269931,1525.390198636155,1804.901561080068,339.01251733950147,0
0.22008809826018016,2.2914503229736405,2.4473340250412754,73.65319256600789,0
0.8708964364833117,2.608077344545202,3.70403381231734,99.11081762478277,0
3.6818980565267037,805.2254974699241,1224.6899253939664,109.74419250494228,0
5.415595031356612,1561.2031224212662,1479.6182010531827,454.69573596987266,0
3.262324046845741,1919.0117727217896,1134.7803778535654,350.1431440223703,0
0.3636374683201027,1.3341064862738823,0.9246903729731709,92.99739050569092,0
4.789868947906679,1059.9578563166451,1440.4119125997065,526.1184382447286,0
0.511721773631911,4.111914336562297,2.4463923724889636,97.20825205171853,0
0.9960878190511774,2.068244407195801,0.6088553336222446,16.957445061472175,0
0.5045295902297152,1.5744880910688392,0.21622361548145452,31.152844060578445,0
4.255372782079201,1467.9400421389166,699.9285417442217,604.4264675540246,0
9.811968860836778,1597.672587541922,1612.7152963694314,419.27169054389356,0
6.8673013899506605,781.0209893363897,867.7932440373459,373.60618935188177,0
0.5153259546227454,4.133593340209628,1.405267015892162,12.661394766553101,0
3.528517622661858,876.636757313833,638.707737824147,168.17396045255668,0
0.7766402973283609,1.7642419258637898,2.193759222880959,3.892721300083035,0
6.866902726734322,1765.872941487406,1135.7718145164024,682.4242644224557,0
5.943887808872124,1467.7440607549265,879.0019008996447,726.5476844093942,0
0.664298348999818,2.157263784181075,4.537086040858704,50.60424098086996,0
0.6013518747500939,2.2934108284081005,2.476323526393185,43.909607491578605,0
0.09264343794013374,4.582699875641891,1.5908167880585589,38.36881354179832,0
6.8375703403878925,1769.8264273760312,920.6217709703217,748.5168731990009,0
7.242626277498624,756.036850746539,947.9493466162562,261.93837956485896,0
3.5015762568526494,1909.4589814389149,1552.022173659927,619.0011288141237,0
3.9481767125099765,1070.4781710662842,898.5833281887818,316.01718117659436,0
2.1020837661622895,1766.2290098299077,837.6964246631121,209.14515936931616,0
0.21936799427428944,3.1594077785292924,4.514484619531097,96.27636749949767,0
2.8246793803345938,1151.8460822702593,710.4170734494392,623.9026519714675,0
8.515494356787887,884.6545322105158,1710.1162577790928,385.114109142915,0
0.02823056729421991,1.785649441558372,1.9448220975033215,98.89489214600175,0
5.530238389591641,1091.2086034988456,1752.8308522461848,575.4959354139771,0
9.911582307273134,1529.141743841279,1622.935910923283,174.81843275632727,0
0.5345382183812236,0.7465818376361355,2.442310396887379,70.35035732507163,0
0.049257257908818075,2.306437319349592,4.7279244336499655,41.926899235785356,0
0.1527877041240654,2.5438355338853453,4.541010463353439,83.58890351450745,0
2.6161684048952694,793.9775351038994,1322.141839830058,323.004873332967,0
0.4616810847692856,3.553610733603223,0.5916733309718913,82.4792540809867,0
0.7931911421555016,0.5980689850779175,0.5684535594788065,67.12708722830438,0
3.6824752966682794,1927.4230643522794,953.745548025134,426.0262172920664,0
9.079612991955067,1994.2805246973837,664.8882747373776,217.03801185456368,0
0.18801096594910982,1.67699453531174,0.9728035609280228,62.32453622784012,0
8.104980597021253,1074.4068279181597,788.2722042996206,681.9775279838958,0
0.5629892561513563,2.0882979677098823,1.7948897010951703,43.30071564022885,0
4.190122251995928,728.1038634246917,1503.4927751665455,701.9174328126894,0
2.1015239472964105,746.7301789565446,1687.8613510236141,352.56948653056986,0
0.3995870098488241,3.469664053409537,4.703622903778163,26.093780139579316,0
0.5140071883288272,0.1310687797692578,1.6313570584879644,28.018647328458957,0
2.1338973677843693,573.0078810131246,1736.1896218189997,364.9048873991233,0
7.058404091626158,1755.5080177170062,760.5056150867058,602.4014620197249,0
4.391397206596189,709.0120284014149,1695.820033639899,368.45530298382147,0
0.4987661087336763,3.987632716293356,3.6872073001641494,61.063059667538,0
0.03180723134764818,1.8657393291168618,0.392534973266091,73.25851013379747,0
9.756873678109763,1601.1287139057235,1241.2117801540805,314.39537833308975,0
0.39823206224241603,4.847254397667399,4.199868693425005,97.76544898557584,0
2.1536975855811233,642.3935095840676,763.4385635997517,437.67762173798565,0
0.17022448538194024,4.8302377711472015,0.6577198978091203,32.827308760590576,0
0.8004138044821412,1.812007077313225,4.339359709227002,5.8174686328054115,0
2.340840140125832,1607.46884116252,858.5675122923664,119.02706610696137,0
0.5579121787418418,0.8123393472973062,3.178668655895491,70.86604825961177,0
2.426355792643797,1570.2248044305259,505.2840546828479,433.521375680733,0
0.9601843837935977,0.468949602046817,3.7735272273368965,92.4086744008633,0
9.566048328145289,1945.2970733215034,1350.718517272575,625.5404025485299,0
0.6345053441140295,0.004317857548042925,1.8550175124066377,94.28814030440877,0
9.298670728842326,1085.358730489007,1952.0513793651032,529.181444257682,0
0.09360560152248332,3.199318779342844,1.2381688374555844,14.65400145233704,0
0.892593928125089,2.2880302794033347,2.596608307134449,28.32922371645913,0
2.7520443345476595,786.2109682787486,743.7949949986323,379.1081648921608,0
0.9095734287777983,3.640687224559947,2.600550832183377,9.103937741256907,0
3.745754294644751,1808.0672146944357,505.1112152817769,341.1398276187122,0
6.5836009824162085,886.2139550213753,1398.9563196106672,782.5570837998005,0
0.5748137912972113,4.806190728997786,4.870003596323336,75.06983549022507,0
0.31587422733958537,1.2269097245993659,0.4294212076779891,58.46345560475393,0
0.6604969754635469,2.9273604157152273,0.20484140196071865,37.178889193278366,0
8.590050428583059,961.4078862152517,1734.1385960984812,654.5788539583549,0
0.36009577276601146,2.654679276036502,2.6510926299377053,52.823097594476906,0
8.769626705662965,1683.4837732348083,747.3573272412267,604.4937776090894,0
2.597615736638007,1417.1714016004835,1263.8165265216896,686.5837328111232,0
0.14805353338580263,2.6919002296683185,3.815593345402018,6.412654772837023,0
0.3697197933193551,4.761486720441618,0.942811167867974,25.961297679797536,0
0.7497502801459057,1.9876080965087162,3.0000291823468945,56.03515977475727,0
0.5462334386008421,4.565407122751058,4.697302827663678,84.80550708221368,0
8.785109186848272,1157.7107124226438,1518.5744913214357,655.5709404309744,0
8.285412758113024,970.6732142336596,1424.8870981837317,124.78215949722772,0
5.866973273008742,1739.5271035812677,1318.045647634994,522.6154951566555,0
0.9767352592846842,3.8640946069072917,4.635537650219324,12.036165287804213,0
7.189346210914964,989.4856965834363,1732.0573549686724,108.72991364709578,0
0.5642169544676697,4.789780996442356,3.7670470488467647,55.49642397235831,0
0.9372147619754678,1.8559545692266726,0.04367154088905867,20.563487469884045,0
6.949422515002212,694.6130011043958,1345.015938519237,346.21436993399993,0
0.19295434195666217,2.0602180531465435,1.1677185359704993,31.087811270308386,0
0.2743041316463434,4.52402626237747,1.4200708273487068,60.15190546560635,0
8.722115616766215,1253.4071272464653,1731.7447522692821,704.5730604837239,0
2.348628225722458,1223.911476458491,500.17014434185006,695.8613022175541,0
7.50656683035948,1499.406764052973,915.0706569854553,368.55062845049065,0
0.6929217275005208,0.07848201102564456,2.5660326313318715,21.668659768370823,0
0.30156990921121496,1.130524996858997,0.8767990674938608,60.089949245866045,0
4.521227476488169,1658.9590581850114,1393.0957245793677,656.8247345310547,0
0.9440635672050784,1.0480809857148354,2.7183284392030145,60.9658860503117,0
0.9966627374806954,0.48404704132764154,4.919915536839906,6.086099724367056,0
3.778971243524925,1580.4930527858648,675.2061960713295,565.1179611765945,0
2.9181472878940165,1968.692773925134,1985.2610677966716,669.206378601529,0
9.785359452710946,1048.4328498160812,1181.2870043555781,361.49106484253247,0
7.426309061194483,554.8151477062685,1324.2021978356634,320.74482835815775,0
4.754466884568137,1860.4787201809577,1890.6319872724487,171.3914070156443,0
0.23638660512132081,3.4727384239823156,3.3527810750607316,11.958010659189089,0
7.885077819287489,1736.4635643951797,1500.6778421148706,101.28556681790273,0
0.9015210943526811,4.28105363902895,0.2893472320402629,33.536918148950754,0
7.902853640601541,1958.5097126759404,1808.7075859201732,682.1566221482285,0
0.374408255581719,4.580880347580693,1.4296433835805133,33.89727929055295,0
7.92149057617353,774.9191181097729,753.5168266841586,776.6811437179384,0
4.172481878104531,1581.6334428882942,1920.8862688641073,175.35673033744698,0
0.9686534544363279,3.61620153807298,3.4629122570222313,19.864959157210482,0
0.5118112610855532,0.7375297170917811,4.485870486208978,24.855307809808803,0
8.07385585369062,731.1317988468195,639.234930729166,534.7034644432598,0
0.9107865842402851,2.0713738495933622,4.877509435752815,56.03212299183673,0
9.316990057376753,998.9854360397242,1115.210976685085,333.06010023731403,0
2.0558831800879753,1250.1475696626323,869.5820271400868,421.2389657445448,0
6.133230900563902,1022.5964249635496,1874.149191856504,235.1961252665567,0
2.7430063449273536,1052.7370017849414,967.7959445102256,556.4383112762257,0
4.05491937129385,1541.7484486275237,1995.0436664953381,409.2041246795723,0
4.361567591708365,1687.2445327536548,1547.7563674179087,326.7515113352815,0
5.277990576285651,1927.612179248329,919.5712693500936,499.83736187794267,0
3.126089090054002,1786.3804927596548,649.5238887909115,462.1658230245357,0
7.703158507521459,1559.6143085723693,1562.3244583673081,397.5644608424152,0
4.4074694609983265,1433.3579258346795,1729.9854218811345,151.45504511118023,0
0.6513447599368767,0.05932640013284474,3.104665289676401,11.745151889203065,0
0.8235061074629129,2.6212904762186646,1.551419175982932,91.83227210433665,0
0.4576493105627024,4.2385041014305465,4.700761198442499,23.417480552613355,0
7.06064610978045,1577.6200525782306,1043.3491301091935,508.64405654086545,0
9.548072170253946,1522.4996291507327,704.2369499244053,362.7355885844581,0
3.12079935745526,1966.7018845528955,1540.621087474342,573.6707711001307,0
3.3462916168249732,758.4891466497202,1288.0642076273189,314.02337558624663,0
4.829262698122775,1046.223779218406,1943.3171847628994,338.38428851419906,0
2.165025870529189,1808.8520523730267,720.0971104012211,658.2756035703998,0
9.391993555871478,856.7254141782726,1150.4696085150454,257.8452500956754,0
0.6222466323407428,3.9149849478853103,0.532665918446697,95.06708900840064,0
4.072854864313723,803.4353057499063,812.8418830120954,761.6134830957756,0
0.061663050724664714,1.1658112981640318,0.12579066657045612,73.93151110997289,0
0.5735887170746986,1.145490503938988,0.3637692350236099,55.13156456867717,0
9.395550553404837,934.6758979114061,570.4315148319608,196.52595190371966,0
0.10721011261580848,4.299021925194289,1.187400058725252,89.96905800699858,0
3.275162020004818,558.0302192203113,1263.9168776375736,715.1160094824162,0
5.270424216748839,1283.8631889567596,1456.2103058421458,365.55476515641675,0
0.2810997645167632,0.5388913424154018,2.0915341904562683,47.855093778073154,0
0.21724676476535454,0.00898973264760683,3.530898884151294,99.22825888817553,0
4.165752893458879,1629.7031418324937,1748.9340010173953,662.0681149911469,0
0.5719938277907581,1.453746405274818,1.511860053626512,72.85802810891498,0
4.151554476502191,1450.1000008863407,1996.2453571400727,764.684245188589,0
0.7376027850474866,4.858969301530762,4.6984386936709255,51.51129865698467,0
0.5618616234166313,0.10086357501560228,0.359273298647253,86.80761051674575,0
2.4186414452452656,1254.4539338091765,598.6317804177384,775.6291223703874,0
0.4512718342534473,0.7248906653604814,0.04781092989696534,28.306856214288278,0
0.3471418886552651,3.877443711119964,1.6310847591011872,16.320512496221497,0
4.509019505832255,711.3172592773682,940.041161997927,231.4760274168537,0
0.939816377061242,3.8691727065886052,1.556204371017234,35.96578045399532,0
0.7941684293472732,4.477710850643189,1.6389681742917523,16.468545713293093,0
3.3588413269588084,1973.551239744094,608.5867499586451,581.4456730747124,0
2.3748591105694725,1791.2809182501774,724.1060620060882,383.50928268261333,0
5.830418680456971,1295.0314521493688,1894.1722470108523,230.1767339638349,0
0.9632225641941462,3.7190820755058374,2.529120805371301,53.57229616821466,0
0.9096377326011628,0.7538628816366549,3.9926140975818565,83.86426464083819,0
0.010017801615002542,4.058495590442628,3.2934450119807495,87.38984559011503,0
0.6743209742782901,3.520993218661383,0.5523690276331589,29.124813763971545,0
7.1051445605666315,858.7783358932975,615.0912203217787,311.7072430956578,0
0.7919330173063069,3.039295129639974,2.0479287868605143,93.7858201066613,0
2.0355505351471397,598.0519083836751,1131.9154490878022,440.03051385566346,0
9.407025555533577,1021.5537023293105,1301.9258525601867,677.0605244653041,0
0.2527068381929677,2.3234557524039188,0.6493360337258697,99.66749862872058,0
7.066523084229353,1379.7429409285462,699.0904281958453,610.41429615164,0
0.4978346187504068,3.198227788474926,1.6923720641864008,56.51552140170425,0
2.9863631063816705,1670.817122842029,876.9889969122257,580.5645406318545,0
0.7666288648945733,3.1838253228687337,1.2180223248636919,25.191642014916347,0
7.54725155681051,1416.0486798223983,1731.2743980721054,595.9707148058158,0
0.8657493529223197,4.242345546619418,4.360456090687911,54.529911776417116,0
0.4762732158642674,1.3287371806064885,2.326400494986375,33.07229396220027,0
0.22888455388759155,0.03212661023531127,0.5913974736839062,87.80713579122981,0
2.26789075678482,1687.25872868605,997.2408820017481,260.69548790430343,0
7.730570002524173,663.6096809228192,719.8581593184283,394.4481116210162,0
0.9881094058154788,4.993019162477179,2.2925914070054594,84.98166129328713,0
2.1139628618617357,1475.1593601127538,1259.2162198847877,334.487554892229,0
3.620158201507758,713.438629973451,1546.8324190935946,299.5211265256433,0
0.5247017094449132,1.9526762504560724,4.797873065208881,88.62568375954213,0
6.5510556840416685,1783.7203153607625,1579.1234483000599,580.4167951136693,0
0.8281647513779492,3.8275175974581117,0.5844637780074263,99.4711325227161,0
5.682718298694617,550.4251836341451,929.6812970956946,429.75270729899364,0
0.03953176844107953,1.4611686189417101,4.295614529337289,2.2770449480802535,0
0.27917798995766363,4.4157473726263206,3.695647744861699,1.568354234454794,0
0.29995368052430427,2.2628361421756353,3.743952423683817,23.504652664725157,0
8.192293846240762,1151.649097448228,1002.786912602721,692.8713924652521,0
7.032942881181794,566.0114874631466,801.2514086426883,766.5056143269389,0
2.603556253826053,1547.3736730266185,1598.6690191370894,274.6037081417486,0
0.6618697279080783,2.846093346487686,2.0281080340967055,14.865765225282868,0
0.3043513684030711,4.853996573676738,2.0437365149521822,32.70833537653112,0
0.18561239366412552,2.641653597782141,4.355828728076548,55.420327033061355,0
6.7019593847082755,1876.602038601294,1845.8540376304386,311.86557453583,0
0.05688238817911484,2.006724909359537,2.9555538963185746,55.50894403665123,0
0.9524671810632084,0.23354610978326085,2.4712584277131358,83.7062614140747,0
5.947944306275018,670.8612377707541,1237.222493638265,459.32314955548765,0
0.32700520199937133,2.322524203380909,1.6613637063694575,68.37615810210848,0
6.709569413930684,1349.8519297552666,1094.7981473569253,581.041369035537,0
9.638814959898099,1806.696812921661,1632.3971508873556,745.2344767497367,0
9.72180713909158,849.8406043948803,1724.3836784888858,323.1718474055199,0
0.23151077513593787,4.161460522316679,0.2624232359494194,62.17401208474244,0
0.9855498602972587,2.0533220221771287,4.143987047913142,84.57108607961179,0
3.2638117410709278,829.2287020442141,1141.503357501826,445.3469312582103,0
4.253540759284162,1757.3675626327251,1322.4601937594598,650.4057156690637,0
6.146124047630938,1899.0891165799183,772.1260853262687,263.8342253549422,0
9.723807274824757,1158.5986419585076,526.9524564333587,206.86219707901216,0
2.9652123432062947,1435.1114570170282,500.10535019874254,495.10906126840763,0
0.552690817811767,4.060169745299961,1.3563479136208927,66.13412214717506,0
5.98626849293631,898.9340833319682,1504.6433040948928,212.58320816297442,0
0.9640590709612149,4.652684565948271,1.5573657628951032,19.307847545292432,0
6.582131525231924,1366.982834963274,884.8565548884051,274.7757810562574,0
6.744275941134082,775.9527208655552,1300.5367671127942,199.7025971603665,0
0.25099836229889405,0.771065848197911,4.436986048141225,75.5651696184411,0
0.3709898178115394,1.4055932364481434,2.68962379233006,61.67317798762206,0
0.5269573173006934,4.882429888940236,2.873892203517525,77.74258626382061,0
0.29173017431260384,1.6662731849064272,3.082889089963041,37.3261285266469,0
0.019569004557601355,4.415892819816183,4.978810467063769,29.937343028482033,0
0.827325817372678,4.5353452254505155,0.3772744379406906,9.084608373179858,0
0.15125083889239366,0.5184711703908984,0.46919088079004023,25.115539086154815,0
0.2815873229095297,2.563379289648644,1.02340479329309,64.85898861849809,0
0.054308422689955727,4.322871233078024,0.22053122499791689,13.938446489477464,0
6.482652868358498,926.2010023645416,1076.305739749364,196.40493203113692,0
0.028741457004272664,2.4726928615173676,2.2228672266992238,23.903121881008037,0
0.28468266874625925,2.6947621770375885,4.906752691231621,4.307809452010025,0
0.7631252630524674,3.277989581497951,4.489500969966069,75.69991972564314,0
2.567217608611818,908.3994743910325,1273.090021860523,191.9917281505249,0
5.44142941080349,1718.5270136693975,1396.769304242192,777.4840373033636,0
0.7360854345289313,4.5324779729181515,1.5072336796084584,75.14474824577026,0
0.9698538169715036,3.522008970976651,1.4929685863065734,57.330194218625905,0
0.9578789237459716,0.7645719168143189,4.718582166842903,18.54163913771184,0
0.9139816167921403,3.7205436316296785,4.488958104606713,76.40847674022294,0
0.5917322927841585,2.0891047592096914,0.5976011716924712,42.29285199692949,0
0.8077943220310076,3.3118574264985168,2.7028473702102924,59.67883006114823,0
0.3133359565378431,3.172711777609712,2.950689672997488,85.01136014507644,0
0.16751415890388865,2.3823101412870162,4.855910501020782,48.70131486645125,0
0.9869856254959718,1.8217873643459508,4.793449976253649,22.46855897507658,0
0.8432396917817605,4.013345051822114,4.788186887752085,69.94959426154873,0
9.811591262441297,1284.755834259066,1468.0793584263492,386.1075228010035,0
9.108968703864353,831.8501391438159,1711.6697775219066,485.57441438653575,0
0.9249997290219744,1.6403851089474126,4.77342259457234,96.96847083569669,0
0.7601468642621193,4.502987156860465,0.7927840153533544,13.368451043650376,0
2.933104223164497,1744.9250996263884,1230.3015765624905,671.4877451663161,0
9.742971967104463,938.0530669300408,711.3890645093605,425.4098649310601,0
3.908513510623904,1483.4218911586486,1302.5529603535233,383.0783517562985,0
3.025151181331707,1329.8224486641616,1116.4025852182308,479.8251205786138,0
0.33780742662215324,1.3705680465041303,1.6099599268988425,31.37151499328682,0
6.219479291151274,702.6885377973609,1332.8742612211488,480.8717143784728,0
0.7713880559918043,3.830404525706747,2.20276977995644,79.98996023328498,0
0.8948230964203978,0.14018511458461447,2.743376852932567,69.60587852300674,0
0.5513341671746312,2.4489349982398907,4.1462257552809465,49.15803352245606,0
3.276371549641625,1964.253136309736,1552.6931128096548,473.7128957093525,0
0.13962857427551734,3.4544229811543365,3.6174935795482934,58.53471071476301,0
3.4008234670615254,1915.6808371527363,1325.1558858448866,389.78750669925256,0
0.3118949911431187,0.32388008689552716,1.367930599157915,18.064606748867185,0
6.6900791106193305,529.1810633997281,505.44831999923423,526.825797938749,0
7.538929892938938,630.4749234187325,1610.3273267683726,191.50594655339916,0
3.0941800077259964,1163.6168413908522,1941.708266301557,768.1822887291322,0
0.21410642240074063,4.475004246720653,0.6979600266054681,74.42170421410678,0
0.33670696951104984,4.359279634867511,3.81608781537867,0.959076590556196,0
0.8839017824033653,2.787587960978131,0.7615598301894322,10.621394040351795,0
0.9552477480350123,2.4427742268381536,3.2387755650212053,70.63850914338113,0
0.8825929980337194,2.2602254770265566,0.044759812251653486,87.65778273012207,0
7.4706770334264485,1613.857452320982,1689.0720767180808,635.0048366901741,0
7.135467615502578,698.189646410214,1648.2434624765572,785.5731950437353,0
0.2785223266492588,1.6147881077555903,1.1280730449389509,39.52457121980019,0
2.5035438215555637,1447.6130947908246,1314.5046968034162,609.9012531523981,0
0.3274990976447263,4.215995129751653,2.8613536180617394,71.47083650112377,0
2.6866991098435014,1027.9672473801133,1976.3565833407336,162.9963045223351,0
0.5359600467633505,4.8818702579430235,0.23860017855979798,70.65981754198543,0
0.2833704192364278,1.8678956318614948,4.580704089777351,26.979875413167242,0
0.9472633108172767,4.660715960811382,2.028878172797733,99.45976815563094,0
2.290162345699204,1767.033229094886,1078.9410755953193,398.3538581148346,0
8.925006625858737,1772.1693893270321,1638.8581718712726,507.2393644153926,0
3.891111527036297,1332.1589192863412,1200.8907778412922,672.1794450700127,0
0.2845453945712131,2.2185468220792925,4.988523184368165,93.86759491332418,0
9.30367607740848,1892.2055357016256,1960.6851310193242,789.2711236607199,0
8.02299963122249,1503.1112762198923,1624.288250205881,478.85352148322454,0
2.8055840687758744,912.104802188422,598.7102887005798,461.78943966012463,0
0.32996714656541803,1.3917070243679546,3.988901500670143,32.623355583000524,0
7.969059834412583,1348.6499392351202,548.8332139713665,654.0383550603956,0
0.4114781799702719,3.4540124159410723,1.7812024999356386,32.543099566226616,0
6.8199157946073505,530.6943846914525,1386.3302508905983,799.8053530870728,0
6.7906820521383935,1571.6829420714544,1966.6625754735232,773.6311282026327,0
9.505973384126026,1123.3018364728728,1424.8548346533462,350.9587948326966,0
5.1882468201160234,1637.9874402510206,1762.0525059773684,147.3365614202398,0
5.540461838845855,1476.090877048951,894.6951634119782,299.09278978250603,0
9.230021030234496,1031.5687988706532,1104.3525492620074,650.7691450406662,0
7.624693209760577,1775.1425731069965,966.0414439509441,606.3554463891562,0
4.248773682697623,1719.2376993641394,820.8618298423166,745.9113140777617,0
2.068101545751789,1593.5791155863485,1793.927369500055,628.9108807845985,0
0.9202267761660226,3.55272770791985,3.7172809165914646,9.818846712697082,0
7.667060375487292,1722.0459084121044,1917.1377452912334,432.20620222105885,0
0.5538872762742422,3.8632014133779617,3.656138305852284,2.919524738640833,0
6.553877367955281,567.6034628451841,1837.3430146862959,270.4153836539309,0
0.4513499744672317,1.384902935767186,4.534289869090925,34.71437888667914,0
3.47884573547159,686.9270025383828,1833.3083533731522,443.5876128997738,0
3.7737929521082396,1970.5581422096761,1541.3163853285162,349.4471734953486,0
0.31139147650410337,1.656795098503852,0.2439380161379484,26.378984217976477,0
0.6396593015879666,2.650874060817909,1.0080053424535333,40.91885273172263,0
0.8050543849533564,2.990592509347642,3.0419083124859077,95.1204684711473,0
9.802495311863225,765.3720855381302,1661.5117865032926,346.25633219852295,0
3.8148027747859636,1489.3040255718274,1137.0923138974927,570.8845140357403,0
9.320865348318264,1195.5312042620633,1491.5872205327173,611.9292162201692,0
0.3724647309619682,0.4354815863306777,2.244752426905003,99.78267211145008,0
0.10969773168518104,4.2019927931170855,3.9420797888962813,63.97428192365019,0
2.3595517924986105,1435.8263335345082,951.8828172893617,698.3755396544121,0
0.36838037591238193,4.665040154486575,1.7718902467929931,5.498287383903733,0
7.842790231805003,947.9307984087418,1427.7577622262431,572.2009166447531,0
6.739714259151153,1196.4212288667673,1928.7258185732412,224.78310555338595,0
4.390913728150348,574.8759926248092,1490.7056921095914,362.6119693001209,0
0.786252958109683,4.333927355140988,1.8799907954491812,22.575575305246232,0
9.078552205530926,599.5360858314635,1118.970013935312,154.78796140119215,0
0.05214625894131508,0.30235626299798424,4.101887904181555,58.60036828326143,0
0.9716942030490343,2.47924557028609,3.6392214683236483,20.213325218660593,0
8.683457004044309,1598.6601504610426,896.8146817601114,283.06767690842065,0
0.23524684549039987,0.752543003149227,4.589670851906444,88.73244106328622,0
8.208933183165218,1160.7741307682377,1276.0135087662863,685.1753680388557,0
9.82054109669577,1215.9316523322873,1885.8580803270102,353.9333729318156,0
0.46451193041513483,2.3063247106416807,3.7046306530746724,15.757445280523353,0
0.45017573105256614,4.7502053013768055,2.64332582583225,40.49125447598938,0
0.08426051819918412,0.6908933464468703,0.5127241775684871,35.67269447799103,0
9.486779149152868,1136.5606010702054,860.3084801548481,354.82946304008726,0
0.2511584178222158,4.551680603821437,1.4448481970655886,25.560368859696535,0
0.6219184570730321,4.101134899247708,4.482852283114797,30.921513539158685,0
4.1417278659864945,849.1491775024261,1604.485391286673,275.0202636365495,0
2.1720566579650242,1501.8290194392166,894.8367867194447,407.0284187183591,0
2.756853282423175,1509.8451435605537,1604.0654817545092,146.86890622293726,0
5.567363211136637,1778.4729618041063,840.3374648415017,364.90792355310015,0
5.209670932965814,1385.781735395435,1279.3882843174579,583.6193613224534,0
0.9537550049869784,4.963090506812697,0.4344088425191728,74.69900577056532,0
0.23528977623802672,2.553902182389191,3.0462371064567293,83.88597982896927,0
3.9340223951807847,1172.018195655237,1919.5861050153903,213.81374428008164,0
2.3886484705069675,770.2423052245895,855.8072443028857,677.1818644073574,0
0.7104698582035825,2.532606284893,2.050292176078887,20.041376698254552,0
5.043012409987716,1683.633097345222,1658.6053005946799,312.3732510999523,0
5.412980111669574,1722.0198527630482,592.5634141959416,757.625292491414,0
5.124220526096063,1962.0697220517393,979.6578455321392,226.619292508417,0
5.8449438278554045,1364.3927682118501,1298.243532742854,489.95382398780714,0
0.1652496360759198,1.849450835955525,4.145577830247956,32.15498234942565,0
4.076066520777971,1700.758058353358,1867.1534604457172,528.1749019176225,0
9.164164972092026,1982.3769892995842,811.7836584608203,788.7348063211701,0
5.8422095543150485,603.3653056132952,791.8283233805822,327.0910108408333,0
8.332003859078002,1775.6871680269194,1494.7977894636244,233.40975648773357,0
6.99959657433731,687.4964976013667,1938.9434613201572,526.5636105301521,0
7.1680309964798985,1427.5655631935035,1878.2432694579084,486.85877024056634,0
0.7235044592554365,4.609708597934509,2.6177038135120725,92.73044866540002,0
7.599437747736562,1896.634534235072,1694.440621369661,336.9854265305771,0
5.329690738545188,1029.4048412441252,1391.6679118377112,622.3713001903138,0
0.8875682530730988,2.26828363092231,4.863393939970987,58.4683656943185,0
0.99569527797978,4.384406422482408,1.4585143371299751,28.462253542877946,0
5.803160360321968,500.818199940754,779.9960873622438,578.3117844848344,0
8.341917143137005,1559.1429275712987,1651.9414632112182,700.6558513755207,0
5.260556424473989,1562.970847932463,1847.9468963414888,687.7875093069621,0
0.4969635677486509,0.9636104424702702,3.4474332369971,69.35481743021275,0
0.27708074055706555,3.4190454770731327,0.8877095123663531,8.790309746678238,0
5.025943919854413,1699.3646228331786,1809.3076497420525,609.9702170198589,0
0.4287766712102046,2.0760947988022966,1.1902915271173609,33.48218355029879,0
0.579688278564739,2.3104472622486156,1.8994720467149402,78.03132092235663,0
0.0689839797690519,4.87798749648039,4.561527896806737,45.97049763455575,0
2.1174136400687846,941.6874934342902,1085.2402373169566,216.41170788434772,0
0.15200285382859846,2.6074099675246782,1.0613192403934706,39.458116664500096,0
2.320393608534335,871.339635410242,1676.5906838554072,541.5849888859476,0
0.6608751832458812,0.6189122970526756,2.156881321276244,90.75588293688192,0
0.8151229026836352,3.2947466913136285,0.7301422120460899,6.993915816512841,0
6.419513527208646,998.9953322291062,1302.8110446665128,600.6157416679505,0
2.8799441285789706,712.422407219648,1645.5628529644937,655.8490028781333,0
5.5662088466157025,1139.1093971144833,1201.3490799016736,700.1334604403042,0
5.0232439833546625,646.3092528858248,509.4058613826382,164.64767960285366,0
8.330326012176911,1738.5414890470229,1616.474392336763,206.1235530598216,0
0.20088170484691892,1.5115011917015981,2.8061833665505658,96.39066999139627,0
0.8675088794725293,0.29239005063920687,1.4257428427131398,84.03722904035935,0
6.687773809270613,1735.301391642659,977.9827049407754,688.939124407776,0
0.7800707263550088,4.733800399864924,1.152275959855857,29.605057870093177,0
0.49056429155844816,2.418402867074359,0.2264847239449358,25.356005353985665,0
0.07319226077722663,2.1839307114035424,4.644302605002676,85.4609523217711,0
2.3136245215834563,819.9519387899484,1281.809032228549,301.39975470203433,0
4.842281804709915,772.5075677866656,1988.0788521906477,434.1470545757424,0
4.35146393900242,967.3528595470738,1533.5443496484115,109.91782061347446,0
8.857391574339237,1024.9557479909467,1325.6090778818912,137.46771002133565,0
0.8151471761626287,2.97371175665007,2.3491282543705214,57.7351672929874,0
0.5059544646981573,3.2170176760576163,2.4796595556111027,71.892010837715,0
4.74212548893611,703.1999589263146,1975.7816200647228,634.6583046522494,0
3.62172513153857,1622.2139579950854,854.0356419594739,187.45555463368945,0
